Артикул;Название;Категория;Описание;Состав;Размер;Цена;Изображение;Группа;Тема;Название акции;Скидка
03-00/030/000/76;Грілка на чайник "Сонях";Домашній текстиль/Для кухні/Чохли для чайників;Грілка на чайник "Сонях";100% льон;;119;grilka_na_chajnuk_kolekciai_sonaix.jpg;Національна традиція;Соняхи;;
03-00/041/000/76;Грілка на чайник "Калина";Домашній текстиль/Для кухні/Чохли для чайників;Грілка на чайник "Калина";100% льон;;119;grilka_na_chajnuk_kolekciai_kaluna.jpg;Національна традиція;Калина;;
03-00/119/000/76;Грілка на чайник "Маки";Домашній текстиль/Для кухні/Чохли для чайників;Грілка на чайник "Маки";100% льон;;119;grilka_na_chajnuk_kolekciai_maku.jpg;Національна традиція;Маки;;
04-00/020/000/76;Рукавичка "Україна";Домашній текстиль/Для кухні/Прихватки;Рукавичка "Україна";100% льон;19х20 см;119;04-00-020-000-76.jpg,rykavuchka_ukraine2.jpg;Національна традиція;Я люблю Україну;;
04-00/030/000/76;Прихватка кухонна з вишивкою "Сонях";Домашній текстиль/Для кухні/Прихватки;Прихватка кухонна з вишивкою "Сонях";100% льон;;119;pruxvatka_kolekciai_sonaix.jpg;Національна традиція;Соняхи;;
04-00/041/000/76;Прихватка кухонна з вишивкою "Калина";Домашній текстиль/Для кухні/Прихватки;Прихватка кухонна з вишивкою "Калина";100% льон;;119;pruxvatka_kolekciai_kaluna.jpg;Національна традиція;Калина;;
04-00/071/000/76;Прихватка кухонна з вишивкою "Гарбуз";Домашній текстиль/Для кухні/Прихватки;Прихватка кухонна з вишивкою "Гарбуз";100% льон;;119;rykgarb.jpg;Національна традиція;Хелсі фуд;;
04-00/119/000/76;Прихватка кухонна з вишивкою "Маки";Домашній текстиль/Для кухні/Прихватки;Прихватка кухонна з вишивкою "Маки";100% льон;;119;pruxvatka_kolekciai_maku.jpg;Національна традиція;Маки;;
10-00/030/000/76;Фартух кухонний  з вишивкою колекції "Сонях";Домашній текстиль/Для кухні/Фартухи;Фартух кухонний  з вишивкою колекції "Сонях";100% льон;;219;fartyx_kolekciai_sonaix.jpg;Національна традиція;Соняхи;;
10-00/041/000/76;Фартух кухонний  з вишивкою колекції "Калина";Домашній текстиль/Для кухні/Фартухи;Фартух кухонний  з вишивкою колекції "Калина";100% льон;;219;fartyx_kolekciai_kaluna.jpg;Національна традиція;Калина;;
10-00/071/000/76;Фартух кухонний  з вишивкою колекції "Гарбуз";Домашній текстиль/Для кухні/Фартухи;Фартух кухонний  з вишивкою колекції "Гарбуз";100% льон;;219;fartgarb1.jpg,fartgarb2.jpg;Національна традиція;Хелсі фуд;;
10-00/072/000/76;Фартух кухонний  з вишивкою колекції "Бон апетіт";Домашній текстиль/Для кухні/Фартухи;Фартух кухонний  з вишивкою колекції "Бон апетіт";100% льон;;219;fartgoroh.jpg;Кухонний текстиль;Бон апетіт;;
10-00/078/000/76;Фартух чоловічий “Мисливець”;Домашній текстиль/Для кухні/Фартухи;Фартух чоловічий з вишивкою “Мисливець”;100% льон;;219;10-00-078-000-76.JPG,P1170861.JPG;Кухонний текстиль;;;
10-00/079/000/76;Фартух чоловічий “Рибалка”;Домашній текстиль/Для кухні/Фартухи;Фартух чоловічий з вишивкою “Рибалка”;100% льон;;219;10-00-079-000-76.jpg,p1170864.jpg;Кухонний текстиль;;;
113-63/150/000/76;Плед "Прем`єра" льняний ;Домашній текстиль/Інтер`єрний текстиль/Покривала;Плед "Прем`єра" льняний ;100% льон;130х205 см;1290;pled_premiera1.jpg;;Прованс;;
113-64/150/000/76;Покривало "Прем`єра" льняне ;Домашній текстиль/Інтер`єрний текстиль/Покривала;Покривало "Прем`єра" льняне ;100% льон;210х220 см;2190;pokruvalo_premiera1.jpg,pokruvalo_premiera2.jpg;;Прованс;;
20-23/000/000/18;Скатертина біла;Домашній текстиль/Для кухні/Скатертини;Скатертина біла;100% льон;140х200 см;359;20-21_000_000_18.jpg;Кухонний текстиль;;;
20-30/02к/200/76;Скатертина з мереживом помаранчова;Домашній текстиль/Для кухні/Скатертини;Скатертина з мереживом помаранчова;100% льон;140х250 см;690;20-23_02k_200_76.jpg;Кухонний текстиль;;;
23-21/333/000/15;Скатертина жакардова "Златовласка" біла;Домашній текстиль/Для кухні/Скатертини;Скатертина жакардова "Златовласка" біла;100% льон;140х140 см;490;23-21_333_000_15.jpg;Кухонний текстиль;Жаккард;;
23-21/333/010/23;Скатертина жакардова "Златовласка" сіра;Домашній текстиль/Для кухні/Скатертини;Скатертина жакардова "Златовласка" сіра;100% льон;140х140 см;490;23-21_333_010_23.jpg;Кухонний текстиль;Жаккард;;
23-23/333/000/15;Скатертина жакардова "Златовласка" біла;Домашній текстиль/Для кухні/Скатертини;Скатертина жакардова "Златовласка" біла;100% льон;140х200 см;659;23-21_333_000_15.jpg;Кухонний текстиль;Жаккард;;
23-23/333/010/23;Скатертина жакардова "Златовласка" сіра;Домашній текстиль/Для кухні/Скатертини;Скатертина жакардова "Златовласка" сіра;100% льон;140х200 см;659;23-21_333_000_23.jpg;Кухонний текстиль;Жаккард;;
23-29/233/004/76;Скатертина жакардова ;Домашній текстиль/Для кухні/Скатертини;Скатертина жакардова “Мілан”, сіра;100% льон;110х150 см;360;23-2--233-004-76.jpg;Кухонний текстиль;Прованс;;
23-29/308/033/76;Скатертина “Міла”;Домашній текстиль/Для кухні/Скатертини;Скатертина жакардова “Міла”, сіра;100% льон;110х145 см;395;23-24-308-033-76.jpg;Кухонний текстиль;Прованс;;
23-30/233/004/76;Скатертина жакардова ;Домашній текстиль/Для кухні/Скатертини;Скатертина жакардова “Мілан”, сіра;100% льон;110х280 см;819;23-2--233-004-76.jpg;Кухонний текстиль;Прованс;;
23-30/333/000/15;Скатертина жакардова "Златовласка" біла;Домашній текстиль/Для кухні/Скатертини;Скатертина жакардова "Златовласка" біла;100% льон;140х250 см;790;23-21_333_000_15.jpg;Кухонний текстиль;Жаккард;;
23-30/333/010/23;Скатертина жакардова "Златовласка" сіра;Домашній текстиль/Для кухні/Скатертини;Скатертина жакардова "Златовласка" сіра;100% льон;140х250 см;890;23-21_333_000_23.jpg;Кухонний текстиль;Жаккард;;
23-37/333/000/15;Скатертина жакардова "Златовласка" біла;Домашній текстиль/Для кухні/Скатертини;Скатертина жакардова "Златовласка" біла;100% льон;140х350 см;1390;23-21_333_000_15.jpg;Кухонний текстиль;Жаккард;;
23-37/333/010/23;Скатертина жакардова "Златовласка" сіра;Домашній текстиль/Для кухні/Скатертини;Скатертина жакардова "Златовласка" сіра;100% льон;140х350 см;1390;23-21_333_000_23.jpg;Кухонний текстиль;Жаккард;;
30-02/000/200/76;Серветка льняна помаранчева;Домашній текстиль/Для кухні/Серветки;Серветка льняна помаранчева;100% льон;45х45 см;59;30-02_000_200_76.jpg;Кухонний текстиль;;;
30-02/000/265/76;Серветка льняна бузкова;Домашній текстиль/Для кухні/Серветки;Серветка льняна бузкова;100% льон;45х45 см;59;30-02_000_265_76.jpg;Кухонний текстиль;;;
30-02/000/330/76;Серветка льняна сіра;Домашній текстиль/Для кухні/Серветки;Серветка льняна сіра;100% льон;45х45 см;59;30-02_000_330_76.jpg;Кухонний текстиль;;;
30-02/000/584/76;Серветка льняна світло-бежева;Домашній текстиль/Для кухні/Серветки;Серветка льняна світло-бежева;100% льон;45х45 см;59;30-02_000_584_76.jpg;Кухонний текстиль;;;
32-02/000/002/76;Серветка "Писанки";Домашній текстиль/Для кухні/Серветки;Серветка "Писанки";100% льон;45х45 см;129;servetka_pusanku.jpg;Великдень;;;
32-02/000/003/76;Серветка "Христос Воскрес";Домашній текстиль/Для кухні/Серветки;Серветка "Христос Воскрес";100% льон;45х45 см;149;servetka_xrustos_voskres.jpg;Великдень;;;
32-09/019/000/18;Серветка з вишивкою і мереживом "Пасхальний кошик";Домашній текстиль/Для кухні/Серветки;Серветка з вишивкою і мереживом "Пасхальний кошик";100% льон;50х75 см;119;32-09_019_000_18.jpg;Великдень;;;
33-01/153/000/15;Серветка жакардова біла;Домашній текстиль/Для кухні/Серветки;Серветка жакардова біла;100% льон;35х35 см;38;33-01_153_000_15.jpg;Кухонний текстиль;Жаккард;;
33-01/333/000/15;Серветка жакардова біла "Златовласка";Домашній текстиль/Для кухні/Серветки;Серветка жакардова біла "Златовласка";100% льон;35х35 см;49;33-01_333_000_15.jpg;Кухонний текстиль;Жаккард;;
33-01/333/010/23;Серветка жакардова сіра "Златовласка";Домашній текстиль/Для кухні/Серветки;Серветка жакардова сіра "Златовласка";100% льон;35х35 см;49;33-01_333_010_23.jpg;Кухонний текстиль;Жаккард;;
33-02/333/000/15;Серветка жакардова біла "Златовласка";Домашній текстиль/Для кухні/Серветки;Серветка жакардова біла "Златовласка";100% льон;45х45 см;69;33-01_333_000_15.jpg;Кухонний текстиль;Жаккард;;
33-02/333/010/23;Серветка жакардова сіра "Златовласка";Домашній текстиль/Для кухні/Серветки;Серветка жакардова сіра "Златовласка";100% льон;45х45 см;69;33-01_333_000_23.jpg;Кухонний текстиль;Жаккард;;
33-02/970/000/74;Серветка жакардова "Дивосвіт";Домашній текстиль/Для кухні/Серветки;Серветка жакардова "Дивосвіт";100% льон;45х45 см;39;33-02_970_000_74.jpg;Кухонний текстиль;Жаккард;;
35-09/01к/000/35;Серветка з мереживом;Домашній текстиль/Для кухні/Серветки;Серветка з мереживом;100% льон;50х75 см;149;35-13_01k_000_18.jpg;Кухонний текстиль;Прованс;;
35-13/01к/000/18;Серветка з мереживом;Домашній текстиль/Для кухні/Серветки;Серветка з мереживом;100% льон;80х80 см;310;35-13_01k_000_18.jpg;Кухонний текстиль;Прованс;;
40-00/001/000/76;Комплект кухонний "Дивосвіт"(фартух, 2рушника);Домашній текстиль/Для кухні/Комплекти;Комплект кухонний "Дивосвіт"(фартух, 2 рушники);100% льон;рушник 45х70 см - 2 шт.;289;komplekt_duvosvit.jpg;Кухонний текстиль;;;
40-00/018/000/76;Комплект подарунковий “Тюльпани”;Домашній текстиль/Для кухні/Комплекти;Комплект подарунковий  “Тюльпани” ;100% льон;Цукерниця 35х35 см - 1 шт., серветки 35х35 см – 4 шт. ;369;40-00-018-000-76.jpg;8 березня;Квіти;;
40-00/094/000/76;Комплект подарунковий “Крокус” ;Домашній текстиль/Для кухні/Комплекти;Комплект подарунковий з вишивкою “Крокус”;100% льон;Цукерниця 35х35 см - 1 шт., серветки 35х35 см – 4 шт. ;369;40-00-094-1.jpg,40-00-094.jpg;8 березня;Квіти;;
40-00/112/000/76;Комплект подарунковий “Фіалка” ;Домашній текстиль/Для кухні/Комплекти;Комплект подарунковий з вишивкою “Фіалка”;100% льон;Цукерниця 35х35 см - 1 шт., серветки 35х35 см – 4 шт. ;369;40-00-112-000-76-1.jpg,40-00-112-000-76.jpg;8 березня;Квіти;;
40-00/143/000/76;Комплект подарунковий “Нарциси” ;Домашній текстиль/Для кухні/Комплекти;Комплект подарунковий “Нарциси”;100% льон;Цукерниця 35х35 см - 1 шт., серветки 35х35 см – 4 шт. ;369;40-00-143-000-76.jpg;8 березня;Квіти;;
42-18/018/000/76;Комплект подарунковий “Тюльпани”  ;Домашній текстиль/Для кухні/Комплекти;Комплект подарунковий з вишивкою “Тюльпани” ;100% льон;Столешня 60х110 см - 1 шт., серветки 35х35 см - 4 шт.;399;42-18-018.jpg;8 березня;Квіти;;
42-18/064/000/76;Комплект подарунковий “Лісова пісня”;Домашній текстиль/Для кухні/Комплекти;Комплект подарунковий з вишивкою “Лісова пісня” сірий;100% льон;Столешня 60х110 см - 1 шт., серветки 35х35 см - 4 шт.;469;42-18-064-010.jpg;8 березня;Польові трави;;
42-18/064/101/76;Комплект подарунковий “Лісова пісня” ;Домашній текстиль/Для кухні/Комплекти;Комплект подарунковий з вишивкою “Лісова пісня” білий;100% льон;Столешня 60х110 см - 1 шт., серветки 35х35 см - 4 шт.;469;42-18-064-000.jpg;8 березня;Польові трави;;
42-18/094/000/76;Комплект подарунковий “Крокус” ;Домашній текстиль/Для кухні/Комплекти;Комплект подарунковий з вишивкою “Крокус”;100% льон;Столешня 60х110 см - 1 шт., серветки 35х35 см - 4 шт.;399;42_68_094_000_76.jpg;8 березня;Квіти;;
42-18/112/000/76;Комплект подарунковий “Фіалка” ;Домашній текстиль/Для кухні/Комплекти;Комплект подарунковий з вишивкою “Фіалка”;100% льон;Столешня 60х110 см - 1 шт., серветки 35х35 см - 4 шт.;399;42-18-112-0.jpg,42-18-112.jpg;8 березня;Квіти;;
42-18/119/000/76;Комплект подарунковий  ;Домашній текстиль/Для кухні/Комплекти;Комплект подарунковий оздоблений вишивкою та кольоровими серветками;100% льон;Серветка 60х110 см — 1 шт., серветка 35х35 см — 4 шт.;399;42_18_119_000_76.jpg;Національна традиція;Маки;;
42-18/144/000/76;Комплект чайний “Серпанок. Маки” білий;Домашній текстиль/Для кухні/Комплекти;Комплект чайний з вишивкою “Серпанок. Маки” білий з червоними серветками;100% льон;Столешня 50х100 см, серветка кругла – 4 шт.;469;P1200356.JPG;Національна традиція;Маки;;
42-18/144/033/76;Комплект чайний “Серпанок. Маки” сірий;Домашній текстиль/Для кухні/Комплекти;Комплект чайний з вишивкою “Серпанок. Маки” сірий з червоними серветками;100% льон;Столешня 50х100 см, серветка кругла – 4 шт.;469;P1200353.JPG;Національна традиція;Маки;;
42-18/150/000/76;Комплект чайний “Серпанок.Соняшник” білий;Домашній текстиль/Для кухні/Комплекти;Комплект чайний з вишивкою “Серпанок.Соняшник” білий з жовтими серветками;100% льон;Столешня 50х100 см, серветка кругла – 4 шт.;469;P1200359.JPG;Національна традиція;Соняхи;;
42-18/150/033/76;Комплект чайний “Серпанок. Соняшник” сірий;Домашній текстиль/Для кухні/Комплекти;Комплект чайний з вишивкою “Серпанок.Соняшник” сірий з жовтими серветками;100% льон;Столешня 50х100 см, серветка кругла – 4 шт.;469;P1200357.JPG;Національна традиція;Соняхи;;
42-31/030/000/18;Комплект з вишивкою "Сонях" білий;Домашній текстиль/Для кухні/Комплекти;Комплект з вишивкою "Сонях" білий;100% льон;140х140 см + 4 серв. 35Х35 см;790;42-31_030_000_18.jpg;Національна традиція;Соняхи;;
42-31/030/010/03;Комплект з вишивкою "Сонях" сірий;Домашній текстиль/Для кухні/Комплекти;Комплект з вишивкою "Сонях" сірий;100% льон;140х140 см + 4 серв. 35Х35 см;890;42-31_030_010_03.jpg;Національна традиція;Соняхи;;
42-31/041/000/18;Комплект з вишивкою "Калина" білий;Домашній текстиль/Для кухні/Комплекти;Комплект з вишивкою "Калина" білий;100% льон;140х140 см + 4 серв. 35Х35 см;790;42-31_041_000_18.jpg;Національна традиція;Калина;;
42-31/041/010/03;Комплект з вишивкою "Калина" сірий;Домашній текстиль/Для кухні/Комплекти;Комплект з вишивкою "Калина" сірий;100% льон;140х140 см + 4 серв. 35Х35 см;890;42-35_041_010_03.jpg;Національна традиція;Калина;;
42-31/111/000/18;Комплект з вишивкою "Фіалка" білий;Домашній текстиль/Для кухні/Комплекти;Комплект з вишивкою "Фіалка" білий;100% льон;140х140 см + 4 серв. 35Х35 см;;42-31_111_000_18.jpg;8 березня;Квіти;;
42-31/119/000/18;Комплект з вишивкою "Маки" білий;Домашній текстиль/Для кухні/Комплекти;Комплект з вишивкою "Маки" білий;100% льон;140х140 см + 4 серв. 35Х35 см;790;42-31_119_000_18.jpg;8 березня;Маки;;
42-31/119/010/03;Комплект з вишивкою "Маки" сірий;Домашній текстиль/Для кухні/Комплекти;Комплект з вишивкою "Маки" сірий;100% льон;140х140 см + 4 серв. 35Х35 см;890;42-35_119_010_03.jpg;8 березня;Маки;;
42-31/162/000/18;Комплект столовий "Гортензія";Домашній текстиль/Для кухні/Комплекти;Комплект столовий з вишивкою "Гортензія";100% льон;Скатертина 140х140 см - 1шт., серветки 35х35 см - 4 шт.;890;42-31-162-000-76.jpg;8 березня;Квіти;;
42-31/162/010/03;Комплект столовий "Гортензія";Домашній текстиль/Для кухні/Комплекти;Комплект столовий з вишивкою "Гортензія",сірий;100% льон;Скатертина 140х140 см - 1шт., серветки 35х35 см - 4 шт.;890;42-31-162-010-03.jpg;8 березня;Квіти;;
42-35/030/000/18;Комплект з вишивкою "Сонях" білий;Домашній текстиль/Для кухні/Комплекти;Комплект з вишивкою "Сонях" білий;100% льон;140х200 см + 6 серв. 35Х35 см;990;42-31_030_000_18.jpg;Національна традиція;Соняхи;;
42-35/030/010/03;Комплект з вишивкою "Сонях" сірий;Домашній текстиль/Для кухні/Комплекти;Комплект з вишивкою "Сонях" сірий;100% льон;140х200 см + 6 серв. 35Х35 см;1190;42-31_030_010_03.jpg;Національна традиція;Соняхи;;
42-35/041/000/18;Комплект з вишивкою "Калина" білий;Домашній текстиль/Для кухні/Комплекти;Комплект з вишивкою "Калина" білий;100% льон;140х200 см + 6 серв. 35Х35 см;990;42-31_041_000_18.jpg;Національна традиція;Калина;;
42-35/041/010/03;Комплект з вишивкою "Калина" сірий;Домашній текстиль/Для кухні/Комплекти;Комплект з вишивкою "Калина" сірий;100% льон;140х200 см + 6 серв. 35Х35 см;1190;42-35_041_010_03.jpg;Національна традиція;Калина;;
42-35/063/117/76;Комплект з вишивкою "Лілія жовта";Домашній текстиль/Для кухні/Комплекти;Комплект з вишивкою "Лілія жовта";100% льон;140х200 см + 6 серв. 45Х45 см;990;42-31_063_117_76.jpg;8 березня;Лілія;;
42-35/063/200/76;Комплект з вишивкою "Лілія помаранчева";Домашній текстиль/Для кухні/Комплекти;Комплект з вишивкою "Лілія помаранчева";100% льон;140х200 см + 6 серв. 45Х45 см;990;42-31_063_200_76.jpg;8 березня;Лілія;;
42-35/063/265/76;Комплект з вишивкою "Лілія лілова";Домашній текстиль/Для кухні/Комплекти;Комплект з вишивкою "Лілія лілова";100% льон;140х200 см + 6 серв. 45Х45 см;990;42-31_063_265_76.jpg;8 березня;Лілія;;
42-35/111/000/18;Комплект з вишивкою "Фіалка" білий;Домашній текстиль/Для кухні/Комплекти;Комплект з вишивкою "Фіалка" білий;100% льон;140х200 см + 6 серв. 35Х35 см;;42-31_111_000_18.jpg;8 березня;Квіти;;
42-35/119/000/18;Комплект з вишивкою "Маки" білий;Домашній текстиль/Для кухні/Комплекти;Комплект з вишивкою "Маки" білий;100% льон;140х200 см + 6 серв. 35Х35 см;990;42-31_119_000_18.jpg;Національна традиція;Маки;;
42-35/119/010/03;Комплект з вишивкою "Маки" сірий;Домашній текстиль/Для кухні/Комплекти;Комплект з вишивкою "Маки" сірий;100% льон;140х200 см + 6 серв. 35Х35 см;1190;42-35_119_010_03.jpg;Національна традиція;Маки;;
42-42/063/000/18;Комплект подарунковий “Лілія” ;Домашній текстиль/Для кухні/Комплекти;Комплект подарунковий з вишивкою “Лілія” ;100% льон;Скатертина 140х220 см - 1шт., серветки 35х35 см - 6 шт.;1290;42-42-063-00.jpg;8 березня;Квіти;;
42-42/068/265/76;Комплект подарунковий "Ірис" ліловий;Домашній текстиль/Для кухні/Комплекти;Комплект подарунковий "Ірис" ліловий;100% льон;1 скат. 140х220 см, 1 скат. 120х120 см, 6 серв. 35Х35 см;1290;42-36_068_256_76.jpg;8 березня;Квіти;;
42-42/068/598/76;Комплект подарунковий "Ірис" беж;Домашній текстиль/Для кухні/Комплекти;Комплект подарунковий "Ірис" беж;100% льон;1 скат. 140х220 см, 1 скат. 120х120 см, 6 серв. 35Х35 см;1290;42-36_068_598_76.jpg;8 березня;Квіти;;
42-42/068/949/76;Комплект подарунковий "Ірис" зелений;Домашній текстиль/Для кухні/Комплекти;Комплект подарунковий "Ірис" зелений;100% льон;1 скат. 140х220 см, 1 скат. 120х120 см, 6 серв. 35Х35 см;1290;42-36_068_949_76.jpg;8 березня;Квіти;;
42-42/162/000/18;Комплект столовий "Гортензія";Домашній текстиль/Для кухні/Комплекти;Комплект столовий з вишивкою "Гортензія";100% льон;Скатертина 140х220 см - 1шт., серветки 35х35 см - 6 шт.;1100;42-31-162-000-76.jpg;8 березня;Квіти;;
42-42/162/010/03;Комплект столовий "Гортензія";Домашній текстиль/Для кухні/Комплекти;Комплект столовий з вишивкою "Гортензія",сірий;100% льон;Скатертина 140х220 см - 1шт., серветки 35х35 см - 6 шт.;1100;42-31-162-010-03.jpg;8 березня;Квіти;;
42-45/030/000/18;Комплект з вишивкою "Сонях" білий;Домашній текстиль/Для кухні/Комплекти;Комплект з вишивкою "Сонях" білий;100% льон;140х250 см + 8 серв. 35х35 см;1190;42-31_030_000_18.jpg;Національна традиція;Соняхи;;
42-45/030/010/03;Комплект з вишивкою "Сонях" сірий;Домашній текстиль/Для кухні/Комплекти;Комплект з вишивкою "Сонях" сірий;100% льон;140х250 см + 8 серв. 35х35 см;1390;42-31_030_010_03.jpg;Національна традиція;Соняхи;;
42-45/041/000/18;Комплект з вишивкою "Калина" білий;Домашній текстиль/Для кухні/Комплекти;Комплект з вишивкою "Калина" білий;100% льон;140х250 см + 8 серв. 35х35 см;1190;42-31_041_000_18.jpg;Національна традиція;Калина;;
42-45/041/010/03;Комплект з вишивкою "Калина" сірий;Домашній текстиль/Для кухні/Комплекти;Комплект з вишивкою "Калина" сірий;100% льон;140х250 см + 8 серв. 35х35 см;1390;42-35_041_010_03.jpg;Національна традиція;Калина;;
42-45/111/000/18;Комплект з вишивкою "Фіалка" білий;Домашній текстиль/Для кухні/Комплекти;Комплект з вишивкою "Фіалка" білий;100% льон;140х250 см + 8 серв. 35х35 см;;42-31_111_000_18.jpg;8 березня;Квіти;;
42-45/119/000/18;Комплект з вишивкою "Маки" білий;Домашній текстиль/Для кухні/Комплекти;Комплект з вишивкою "Маки" білий;100% льон;140х250 см + 8 серв. 35х35 см;1190;42-31_119_000_18.jpg;Національна традиція;Маки;;
42-45/119/010/03;Комплект з вишивкою "Маки" сірий;Домашній текстиль/Для кухні/Комплекти;Комплект з вишивкою "Маки" сірий;100% льон;140х250 см + 8 серв. 35х35 см;1390;42-35_119_010_03.jpg;Національна традиція;Маки;;
42-45/162/000/18;Комплект столовий "Гортензія";Домашній текстиль/Для кухні/Комплекти;Комплект столовий з вишивкою "Гортензія";100% льон;Скатертина 140х280 см - 1шт., серветки 35х35 см - 8 шт.;1290;42-31-162-000-76.jpg;8 березня;Квіти;;
42-45/162/010/03;Комплект столовий "Гортензія";Домашній текстиль/Для кухні/Комплекти;Комплект столовий з вишивкою "Гортензія",сірий;100% льон;Скатертина 140х280 см - 1шт., серветки 35х35 см - 8 шт.;1290;42-31-162-010-03.jpg;8 березня;Квіти;;
60-71/000/000/04;Підковдра полуторна біла;Домашній текстиль/Для спальні/Підковдри;Підковдра полуторна біла;100% льон;145х217 см;890;60-71_000_000_04.jpg;;;;
70-62/000/000/04;Простирадло полуторне біле;Домашній текстиль/Для спальні/Простирадла;Простирадло полуторне біле;100% льон;150х217 см;490;70-62_000_000_04.jpg;;;;
70-64/000/000/70;Простирадло подвійне біле ;Домашній текстиль/Для спальні/Простирадла;Простирадло подвійне біле ;100% льон;220х240 см;890;70-64_000_000_70.jpg;;;;
70-64/000/010/78;Простирадло подвійне кольорове;Домашній текстиль/Для спальні/Простирадла;Простирадло подвійне кольорове;100% льон;220х240 см;890;70-64_000_010_78.jpg;;;;
80-04/02к/200/76;Рушник помаранчевий з мереживом;Домашній текстиль/Для кухні/Рушники;Рушник помаранчевий з мереживом;100% льон;45х70 см;139;80-04_02k_200_76.jpg;Кухонний текстиль;Прованс;;
80-25/000/000/04;Рушник з лоскуту;Домашній текстиль/Для кухні/Рушники;Рушник з лоскуту;100% бавовна;45х90 см;19;80-25_000_000_04.jpg;Кухонний текстиль;;;
82-04/041/000/76;Рушник “Калина”;Домашній текстиль/Для кухні/Рушники;Рушник з вишивкою “Калина”, білий;100% льон;35х90 см;199;82-04-041-000-76.jpg;Національна традиція;Калина;;
82-04/117/000/76;Рушник “Лілія”;Домашній текстиль/Для кухні/Рушники;Рушник з вишивкою “Лілія”, білий;100% льон;35х90 см;199;82-04-117-000-76.jpg;Національна традиція;Лілія;;
82-04/160/000/76;Рушник “Ліс";Домашній текстиль/Для кухні/Рушники;Рушник з вишивкою “Ліс” сірий;100% льон;45х65 см;119;82-04-160-000-76.jpg;Кухонний текстиль;Хелсі фуд;;
82-04/161/000/76;Рушник "Город";Домашній текстиль/Для кухні/Рушники;Рушник з вишивкою "Город" сірий;100% льон;45х65 см;119;82-04-161-000-76.jpg;Кухонний текстиль;Хелсі фуд;;
82-04/162/000/76;Рушник "Сад";Домашній текстиль/Для кухні/Рушники;Рушник з вишивкою "Сад" сірий;100% льон;45х65 см;119;82-04-162-000-76.jpg;Кухонний текстиль;Хелсі фуд;;
82-05/090/000/76;Рушник з вишивкою "Обрядовий";Домашній текстиль/Для кухні/Рушники;Рушник з вишивкою "Обрядовий";100% льон;40х120 см;249;82_05_090_000-76.jpg;Обрядовий текстиль;Маки;;
82-05/119/01к/76;Рушник ;Домашній текстиль/Для кухні/Рушники;Рушник з вишивкою та мереживом "Маки";100% льон;40х110 см;289;82_05_119_01k_76.jpg;Національна традиція;Маки;;
82-19/094/01k/76;Рушник ;Домашній текстиль/Для кухні/Рушники;Рушник з мереживом та вишивкою "Макова краса";100% льон;38х60 см;179;82_19_094_01k_76.jpg,82_19_094_01k_76.jpg,82_19_094_01k_76.jpg;Великдень;Маки;;
82-24/119/01к/76;Рушник ;Домашній текстиль/Для кухні/Рушники;Рушник з мереживом та вишивкою “Маки”;100% льон;38х210 см;390;imgp0012sm.jpg;Національна традиція;Маки;;
83-04/690/008/96;Рушник жакардовий "Кавовий";Домашній текстиль/Для кухні/Рушники;Рушник жакардовий "Кавовий";100% льон;45х70 см;89;83-04_690_19_96.jpg;Кухонний текстиль;Жаккард;;
83-10/123/001/77;Рушник "Два кольори";Домашній текстиль/Для кухні/Рушники;Рушник "Два кольори";100% льон;50х140 см;159;83-10_123_001_77.jpg;Національна традиція;Орнамент;;
85-04/041/01к/76;Рушник “Калина”;Домашній текстиль/Для кухні/Рушники;Рушник з вишивкою та мереживом “Калина”, білий;100% льон;35х90 см;279;85-04-041-01k-76.jpg;Національна традиція;Калина;;
86-04/263/000/18;Рушник з малюнком "Міста України";Домашній текстиль/Для кухні/Рушники;Рушник з малюнком "Міста України";100% льон;50х70 см;89;86-04_263_000_18.jpg;;Я люблю Україну;;
86-04/276/000/18;Рушник з малюнком "Замки України";Домашній текстиль/Для кухні/Рушники;Рушник з малюнком "Замки України";100% льон;50х70 см;89;86-04_276_000_18.jpg;;Я люблю Україну;;
86-04/284/000/18;Рушник з малюнком "Я люблю Україну";Домашній текстиль/Для кухні/Рушники;Рушник з малюнком "Я люблю Україну";100% льон;;69;ryshnuk_i_love_ukraine.jpg;;Я люблю Україну;;
90-83/011/020/78;Комплект постільної білизни ;Домашній текстиль/Для спальні/Комплекти постільної білизни;Комплект постільної білизни в асортименті;100% льон;Прост. 150х217 см, підков. 145х217 см,2 навол. 50Х70 см;1590;p1160796.jpg,p1160794.jpg;;;;
90-91/011/020/78;Комплект постільної білизни ;Домашній текстиль/Для спальні/Комплекти постільної білизни;Комплект постільної білизни в асортименті;100% льон;Простирадло 220х240 см, підковдра 200х220 см, 2 наволочки 50х70 см;2890;p1160796.jpg,p1160794.jpg;;;;
90-92/011/020/78;Комплект постільної білизни ;Домашній текстиль/Для спальні/Комплекти постільної білизни;Комплект постільної білизни в асортименті;100% льон;Простирадло 220х240 см, 2 підковдри 145х217 см, 2 наволочки 50х70 см;3200;p1160794.jpg,p1160796.jpg;;;;
92-91/066/000/78;Комплект постільної білизни ;Домашній текстиль/Для спальні/Комплекти постільної білизни;Комплект постільної білизни білий з вишивкою;100% льон;Простирадло 220х240 см, підковдра 200х220 см, 2 наволочки 50х70 см;2900;p1160798.jpg;;Прованс;;
92-91/066/010/78;Комплект постільної білизни ;Домашній текстиль/Для спальні/Комплекти постільної білизни;Комплект постільної білизни сірий з вишивкою;100% льон;Простирадло 220х240 см, підковдра 200х220 см, 2 наволочки 50х70 см;2900;;;Прованс;;
92-91/119/000/78;Комплект постільної білизни ;Домашній текстиль/Для спальні/Комплекти постільної білизни;Комплект постільної білизни з вишивкою “Маки” білий;100% льон;Простирадло 220х240 см, підковдра 200х220 см, 2 наволочки 50х70 см;3190;p1160797.jpg;;Маки;;
92-91/119/010/78;Комплект постільної білизни ;Домашній текстиль/Для спальні/Комплекти постільної білизни;Комплект постільної білизни з вишивкою “Маки” сірий;100% льон;Прост. 220х240 см, підков. 200х220 см, 2 навол. 50Х70 см;3190;92-91-119-010-78.jpg;;Маки;;
92-91/153/000/78;Комплект постільної білизни "Літо"  ;Домашній текстиль/Для спальні/Комплекти постільної білизни;Комплект постільної білизни "Літо" білий  ;100% льон;Простирадло 220х240 см, підковдра 200х220 см, 2 наволочки 50х70 см;3190;92-91-153-000-78.jpg;;Польові трави;;
92-91/153/010/78;Комплект постільної білизни "Літо"  ;Домашній текстиль/Для спальні/Комплекти постільної білизни;Комплект постільної білизни "Літо" сірий ;100% льон;Простирадло 220х240 см, підковдра 200х220 см, 2 наволочки 50х70 см;3190;92-91-153-010-78.jpg;;Польові трави;;
94-91/000/033/78;Комплект постільної білизни "Марсель"  (варений);Домашній текстиль/Для спальні/Комплекти постільної білизни;Комплект постільної білизни "Марсель" сірий ,(варений);100% льон;Простирадло 220х240 см, підковдра 200х220 см, 2 наволочки 50х70 см;3890;94-91-000-033-78.jpg,p1180351.jpg;;;;
94-92/000/033/78;Комплект постільної білизни "Марсель"  (варений);Домашній текстиль/Для спальні/Комплекти постільної білизни;Комплект постільної білизни "Марсель" сірий ,(варений);100% льон;Простирадло-220*240 см, 2 підковдри -145*217см ,2 наволочки -50*70см;4490;94-91-000-033-78.jpg,p1180351.jpg;;;;
95-83/01к/000/07;Комплект постільної білизни білий з білим мереживом;Домашній текстиль/Для спальні/Комплекти постільної білизни;Комплект постільної білизни білий з білим мереживом;100% льон;Прост. 150х217 см, підков. 145х217 см,2 навол. 50Х71 см;1990;95-83_01k_000_07.jpg;;Прованс;;
95-83/01к/010/78;Комплект постільної білизни сірий з сірим мереживом;Домашній текстиль/Для спальні/Комплекти постільної білизни;Комплект постільної білизни сірий з сірим мереживом;100% льон;Прост. 150х217 см, підков. 145х217 см,2 навол. 50Х71 см;1990;95-83_01k_010_78.jpg;;Прованс;;
81-04/001/002/73;Рушник “Прованс”;Домашній текстиль/Для кухні/Рушники;Рушник “Прованс”;100% льон;37х65 см;55;81-04-001-002-73.JPG,P1190693.JPG,P1190694.JPG,P1190695.JPG;;Прованс;;
83-10/302/033/88;Рушник банний “Ракушка”;Домашній текстиль/Для кухні/Рушники;Рушник банний “Ракушка”;100% льон;70х135 см;359;83-10-302-033-88.JPG;;;;
10-00/006/000/76;Фартух “Оливка” ;Домашній текстиль/Для кухні/Фартухи;Фартух “Оливка” ;100% льон;;219;P1190667.JPG;;Кантрі;;
10-00/200/000/76;Фартук “Гортензія”;Домашній текстиль/Для кухні/Фартухи;Фартук “Гортензія”;100% льон;;219;P1190666.JPG,P1190668.JPG;;Кантрі;;
82-04/200/000/76;Рушник “Гортензія”;Домашній текстиль/Для кухні/Рушники;Рушник “Гортензія”;100% льон;40х65 см;89;82-04-200-000-76.JPG,P1190685.JPG,P1190686.JPG;;Кантрі;;
82-04/006/000/76;Рушник “Оливка”;Домашній текстиль/Для кухні/Рушники;Рушник “Оливка”;100% льон;40х65 см;89;82-04-006-000-76.JPG;;Кантрі;;
12-10/202/000/18;Доріжка “Степова птаха” ;Домашній текстиль/Для кухні/Рушники;Доріжка “Степова птаха” , біла;100% льон;40х140 см;269;12-10-202-000-18.JPG;;Степова птаха;;
22-24/202/010/03;Скатертина “Степова птаха”;Домашній текстиль/Для кухні/Скатертини;Скатертина “Степова птаха”, сіра;100% льон;155х220 см;860;22-24-202-010-03.JPG;;Степова птаха;;
82-04/208/000/76;Рушник колекція “Птахи” Синичка;Домашній текстиль/Для кухні/Рушники;Рушник колекція “Птахи” Синичка;100% льон;45х65 см;99;82-04-208-000-76.JPG;;Птахи;;
82-04/209/000/76;Рушник колекція “Птахи” Лелека;Домашній текстиль/Для кухні/Рушники;Рушник колекція “Птахи” Лелека;100% льон;45х65 см;99;82-04-209-000-76.JPG;;Птахи;;
82-04/210/000/76;Рушник колекція “Птахи” Сойка;Домашній текстиль/Для кухні/Рушники;Рушник колекція “Птахи” Сойка;100% льон;45х65 см;99;82-04-210-000-76.JPG;;Птахи;;
82-04/230/000/76;Рушник колекція “Гурман” Десерт;Домашній текстиль/Для кухні/Рушники;Рушник колекція “Гурман” Десерт;100% льон;45х75 см;129;P1200245.JPG;;Прованс;;
82-04/231/000/76;Рушник колекція “Гурман” Дари моря;Домашній текстиль/Для кухні/Рушники;Рушник колекція “Гурман” Дари моря;100% льон;45х75 см;129;P1200248.JPG;;Прованс;;
82-04/245/000/76;Рушник колекція “Гурман” Ланч;Домашній текстиль/Для кухні/Рушники;Рушник колекція “Гурман” Ланч;100% льон;45х75 см;129;P1200244.JPG;;Прованс;;
12-10/236/016/76;Доріжка “Букет.Іриси” рожева;Домашній текстиль/Для кухні/Рушники;Доріжка “Букет.Іриси” рожева;100% льон;48х140 см;390;P1200581.JPG;;;;
12-10/236/584/76;Доріжка “Букет.Іриси” молочна;Домашній текстиль/Для кухні/Рушники;Доріжка “Букет.Іриси” молочна;100% льон;48х140 см;390;P1200240.JPG;;;;
12-10/236/930/76;Доріжка “Букет.Іриси” коричнева;Домашній текстиль/Для кухні/Рушники;Доріжка “Букет.Іриси” коричнева;100% льон;48х140 см;390;P1200238.JPG;;;;
25-21/236/265/76;Скатертина з мереживом та вишивкою “Букет.Іриси”,кругла, бордо;Домашній текстиль/Для кухні/Скатертини;Скатертина з мереживом та вишивкою “Букет.Іриси”,кругла, бордо;100% льон;150х150 см;890;25-21-236-265.JPG;;;;
25-21/236/372/76;Скатертина з мереживом та вишивкою “Букет.Іриси”,кругла, зелена;Домашній текстиль/Для кухні/Скатертини;Скатертина з мереживом та вишивкою “Букет.Іриси”,кругла, зелена;100% льон;150х150 см;890;25-21-372.JPG;;;;
25-21/236/930/76;Скатертина з мереживом та вишивкою “Букет.Іриси”,кругла,коричнева;Домашній текстиль/Для кухні/Скатертини;Скатертина з мереживом та вишивкою “Букет.Іриси”,кругла,коричнева;100% льон;150х150 см;890;25-21-930.JPG;;;;
25-30/236/265/76;Скатертина з мереживом та вишивкою “Букет.Іриси”, овальна, бордо;Домашній текстиль/Для кухні/Скатертини;Скатертина з мереживом та вишивкою “Букет.Іриси”, овальна, бордо;100% льон;150х250 см;1190;25-30-236-265.JPG;;;;
25-30/236/372/76;Скатертина з мереживом та вишивкою “Букет.Іриси”, овальна, зелена;Домашній текстиль/Для кухні/Скатертини;Скатертина з мереживом та вишивкою “Букет.Іриси”, овальна, зелена;100% льон;150х250 см;1190;25-30-372.JPG;;;;
25-30/236/930/76;Скатертина з мереживом та вишивкою “Букет.Іриси”, овальна ,коричнева;Домашній текстиль/Для кухні/Скатертини;Скатертина з мереживом та вишивкою “Букет.Іриси”, овальна ,коричнева;100% льон;150х250 см;1190;25-30-930.JPG;;;;
82-17/254/000/76;Рушник “Сови”;Домашній текстиль/Для кухні/Рушники;Рушник “Сови”;100% льон;36х60 см;99;P1200281.JPG;;;;
82-17/257/000/76;Рушник “Песик”;Домашній текстиль/Для кухні/Рушники;Рушник “Песик”;100% льон;36х60 см;99;P1200280.JPG;;;;
10-00/257/000/76;Фартух “Песик” малий;Домашній текстиль/Для кухні/Фартухи;Фартух “Песик” малий;100% льон;;169;P1200279.JPG;;;;
10-00/257/001/76;Фартух “Песик” ;Домашній текстиль/Для кухні/Фартухи;Фартух “Песик” ;100% льон;;249;P1200283.JPG;;;;
10-00/254/001/76;Фартух “Сови” малий;Домашній текстиль/Для кухні/Фартухи;Фартух “Сови” малий;100% льон;;169;P1200277.JPG;;;;
10-00/254/000/76;Фартух “Сови” ;Домашній текстиль/Для кухні/Фартухи;Фартух “Сови” ;100% льон;;249;P1200282.JPG;;;;
42-42/246/884/76;Комплект подарунковий “Сузір`я” салатовий;Домашній текстиль/Для кухні/Комплекти;Комплект подарунковий з вишивкою “Сузір`я” салатовий;100% льон;Скатертина 140х240 см - 1шт., сети 30х40 см - 6 шт.;1990;42-42-246-884-76.JPG;;;;
42-42/246/957/76;Комплект подарунковий “Сузір`я” кавовий;Домашній текстиль/Для кухні/Комплекти;Комплект подарунковий з вишивкою “Сузір`я” кавовий;100% льон;Скатертина 140х240 см - 1шт., сети 30х40 см - 6 шт.;1990;42-42-246-957-76.JPG;;;;
10-00/162/000/76;Фартух “Сад”;Домашній текстиль/Для кухні/Фартухи;Фартух “Сад”;100% льон;;249;P1200308.JPG;;;;
42-42/274/372/76;Комплект подарунковий “Настурція” зелений;Домашній текстиль/Для кухні/Комплекти;Комплект подарунковий “Настурція” зелений;100% льон;140х220 см, 120х120 см, 6 серв. 35Х35 см;1290;42-42-274-372-76.JPG;;;;
42-42/274/690/76;Комплект подарунковий “Настурція” помаранчевий;Домашній текстиль/Для кухні/Комплекти;Комплект подарунковий “Настурція” помаранчевий;100% льон;140х220 см, 120х120 см, 6 серв. 35Х35 см;1290;42-42-274-690-76.JPG;;;;
42-52/274/372/76;Комплект подарунковий “Настурція” зелений;Домашній текстиль/Для кухні/Комплекти;Комплект подарунковий “Настурція” зелений;100% льон;140х280 см, 120х120 см, 8 серв. 35Х35 см;1490;42-42-274-372-76.JPG;;;;
42-52/274/690/76;Комплект подарунковий “Настурція” помаранчевий;Домашній текстиль/Для кухні/Комплекти;Комплект подарунковий “Настурція” помаранчевий;100% льон;140х280 см, 120х120 см, 8 серв. 35Х35 см;1490;42-42-274-690-76.JPG;;;;
40-00/274/000/76;Комплект подарунковий “Настурція” ;Домашній текстиль/Для кухні/Комплекти;Комплект подарунковий “Настурція” ;100% льон;Цукерниця 35х35 см - 1 шт., серветки 35х35 см – 4 шт. ;369;40-00-274-000-76.JPG;;;;
42-18/297/000/76;Комплект подарунковий “Чорнобривці” сірий;Домашній текстиль/Для кухні/Комплекти;Комплект подарунковий “Чорнобривці” сірий;100% льон;Столешня 60х110 см - 1 шт., серветки 35х35 см - 4 шт.;490;P1200637.JPG;;;;
42-18/297/101/76;Комплект подарунковий “Чорнобривці” білий;Домашній текстиль/Для кухні/Комплекти;Комплект подарунковий “Чорнобривці” білий;100% льон;Столешня 60х110 см - 1 шт., серветки 35х35 см - 4 шт.;490;P1200638.JPG;;;;
42-18/300/000/76;Комплект подарунковий “Калина” сірий;Домашній текстиль/Для кухні/Комплекти;Комплект подарунковий “Калина” сірий;100% льон;Столешня 60х110 см - 1 шт., серветки 35х35 см - 4 шт.;490;P1200635.JPG;;;;
42-18/300/101/76;Комплект подарунковий “Калина” білий;Домашній текстиль/Для кухні/Комплекти;Комплект подарунковий “Калина” білий;100% льон;Столешня 60х110 см - 1 шт., серветки 35х35 см - 4 шт.;490;P1200636.JPG;;;;
12-10/202/000/18;Доріжка “Чорнобривці” синя;Домашній текстиль/Для кухні/Рушники;Доріжка “Чорнобривці” синя;100% льон;48х140 см;390;P1200639.JPG;;;;
82-04/266/000/76;Рушник колекція “Гурман” Вечеря;Домашній текстиль/Для кухні/Рушники;Рушник колекція “Гурман” Вечеря;100% льон;45х75 см;119;P1200640.JPG;;;;
42-10/246/857/76;Комплект подарунковий “Сузір`я” бордовий;Домашній текстиль/Для кухні/Комплекти;Комплект подарунковий “Сузір`я” бордовий;100% льон;Столешня 50х140 см - 1 шт., серветки 35х35 см - 4 шт.;490;42-10-246-857.jpg;;;;
42-10/246/884/76;Комплект подарунковий “Сузір`я” оливковий;Домашній текстиль/Для кухні/Комплекти;Комплект подарунковий “Сузір`я” оливковий;100% льон;Столешня 50х140 см - 1 шт., серветки 35х35 см - 4 шт.;490;42-10-246-884.jpg;;;;
42-10/246/957/76;Комплект подарунковий “Сузір`я” кавовий;Домашній текстиль/Для кухні/Комплекти;Комплект подарунковий “Сузір`я” кавовий;100% льон;Столешня 50х140 см - 1 шт., серветки 35х35 см - 4 шт.;490;42-10-246-957.jpg;;;;
40-00/246/000/76;Комплект подарунковий “Сузір`я” кавовий;Домашній текстиль/Для кухні/Комплекти;Комплект подарунковий “Сузір`я” кавовий;100% льон;Цукерниця 35х35 см - 1 шт., серветки 35х35 см – 4 шт. ;369;40-00-246-000.jpg;;;;
40-00/246/857/76;Комплект подарунковий “Сузір`я” бордовий;Домашній текстиль/Для кухні/Комплекти;Комплект подарунковий “Сузір`я” бордовий;100% льон;Цукерниця 35х35 см - 1 шт., серветки 35х35 см – 4 шт. ;369;40-00-246-857.jpg;;;;
40-00/246/884/76;Комплект подарунковий “Сузір`я” оливковий;Домашній текстиль/Для кухні/Комплекти;Комплект подарунковий “Сузір`я” оливковий;100% льон;Цукерниця 35х35 см - 1 шт., серветки 35х35 см – 4 шт. ;369;40-00-246-884.jpg;;;;
32-07/246/584/76;Сет “Сузір`я” молочний з бордовою вишивкою;Домашній текстиль/Для кухні/Серветки;Сет “Сузір`я” молочний з кавовою вишивкою;100% льон;30х40 см;89;32-07-246-584.jpg;;;;
32-07/246/884/76;Сет “Сузір`я” молочний з оливковою вишивкою;Домашній текстиль/Для кухні/Серветки;Сет “Сузір`я” молочний з оливковою вишивкою;100% льон;30х40 см;89;32-07-246-884.jpg;;;;
32-07/246/957/76;Сет “Сузір`я” молочний з кавовою вишивкою;Домашній текстиль/Для кухні/Серветки;Сет “Сузір`я” молочний з кавовою вишивкою;100% льон;30х40 см;89;32-07-246-957.jpg;;;;
12-10/314/743/76;Доріжка “Зимова казка” сіра;Домашній текстиль/Для кухні/Скатертини;Доріжка “Зимова казка” сіра;100% льон;48х140 см;359;12-10-314-743.jpg;;;;
12-10/314/861/76;Доріжка “Зимова казка” червона;Домашній текстиль/Для кухні/Скатертини;Доріжка “Зимова казка” червона;100% льон;48х140 см;359;12-10-314-861.jpg;;;;
12-10/314/880/76;Доріжка “Зимова казка” синя;Домашній текстиль/Для кухні/Скатертини;Доріжка “Зимова казка” синя;100% льон;48х140 см;359;12-10-314-880.jpg;;;;
113-63/151/000/76;Плед "Чарлі" льняний в асортименті;Домашній текстиль/Інтер`єрний текстиль/Покривала;Плед "Чарлі" льняний в асортименті;100% льон;110х190 см;490;Bpled-Charli.jpg;;;;
23-24/108/001/99;Скатертина жаккардова “Греція” ;Домашній текстиль/Для кухні/Скатертини;Скатертина жаккардова “Греція” ;100% льон;155х230 см;590;23-21-108-001-99.JPG;;;;
23-30/108/001/99;Скатертина жаккардова “Греція” ;Домашній текстиль/Для кухні/Скатертини;Скатертина жаккардова “Греція” ;100% льон;155х290 см;690;23-21-108-001-99.JPG;;;;
82-10/341/330/76;Рушник “Злагода” сірий;Домашній текстиль/Для кухні/Рушники;Рушник “Злагода” сірий;100% льон;43х145 см;439;82-10-341-330-76.jpg;;;;
82-05/341/000/76;Рушник “Злагода” білий;Домашній текстиль/Для кухні/Рушники;Рушник “Злагода” білий;100% льон;35х110 см;189;82-05-341-000-76.jpg;;;;
82-34/341/000/76;Рушник під коровай;Домашній текстиль/Для кухні/Рушники;Рушник під коровай;100% льон;43х220 см;439;82-24-341-000-76.jpg;;;;
85-07/341/02к/76;Рушник “Злагода” білий;Домашній текстиль/Для кухні/Рушники;Рушник “Злагода” білий;100% льон;35х55 см;129;85-07-341-02r-76.jpg;;;;
42-42/398/101/76;Комплект подарунковий “Лілія” білий;Домашній текстиль/Для кухні/Комплекти;Комплект подарунковий “Лілія” білий;100% льон;140х250 см, 6 серв. 30Х40 см;1490;42-42-398-101.jpg;;;;
42-42/398/743/76;Комплект подарунковий “Лілія” сірий;Домашній текстиль/Для кухні/Комплекти;Комплект подарунковий “Лілія” сірий;100% льон;140х250 см, 6 серв. 30Х40 см;1490;42-42-398-743.jpg;;;;
42-42/398/957/76;Комплект подарунковий “Лілія” кавовий;Домашній текстиль/Для кухні/Комплекти;Комплект подарунковий “Лілія” кавовий;100% льон;140х250 см, 6 серв. 30Х40 см;1490;42-42-398-957.jpg;;;;
42-42/299/372/76;Комплект подарунковий “Сонях” зелений;Домашній текстиль/Для кухні/Комплекти;Комплект подарунковий “Сонях” зелений;100% льон;140х220 см, 120х120 см, 6 серв. 35Х35 см;1290;42-42-299-372.jpg;;;;
82-10/415/330/76;Рушник “Дерево щастя – 2” сірий;Домашній текстиль/Для кухні/Рушники;Рушник “Дерево щастя – 2” сірий з вишивкою;100% льон;43х145 см;380;82-10-415-330-76.jpg;;;;
85-10/412/330/76;Рушник “Дерево щастя ” сірий;Домашній текстиль/Для кухні/Рушники;Рушник “Дерево щастя ” сірий з вишивкою та мереживом;100% льон;43х150 см;470;85-10-412-330-76.jpg;;;;
82-06/415/000/76;Рушник “Дерево щастя – 2” білий;Домашній текстиль/Для кухні/Рушники;Рушник “Дерево щастя – 2” білий з вишивкою;100% льон;43х220 см;380;82-06-415-000-76.jpg;;;;
85-06/412/000/76;Рушник “Дерево щастя ” білий;Домашній текстиль/Для кухні/Рушники;Рушник “Дерево щастя ” білий з вишивкою та мереживом;100% льон;43х220 см;450;85-06-412-000-76.jpg;;;;
10-00/291/000/76;Фартух “Квіти. Волошки”;Домашній текстиль/Для кухні/Фартухи;Фартух “Квіти. Волошки” з вишивкою;100% льон;;249;10-00-291-000-76.jpg;;;;
10-00/290/000/76;Фартух “Квіти. Маки”;Домашній текстиль/Для кухні/Фартухи;Фартух “Квіти. Маки” з вишивкою;100% льон;;249;10-00-290-000-76.jpg;;;;
10-00/384/000/76;Фартух “Квіти. Соняхи”;Домашній текстиль/Для кухні/Фартухи;Фартух “Квіти. Соняхи” з вишивкою;100% льон;;249;10-00-384-000-76.jpg;;;;
82-04/290/000/76;Рушник “Квіти. Маки”;Домашній текстиль/Для кухні/Рушники;Рушник “Квіти. Маки” з вишивкою;100% льон;45х65 см;129;82-04-290-000-76.jpg;;;;
82-04/291/000/76;Рушник “Квіти. Волошки”;Домашній текстиль/Для кухні/Рушники;Рушник “Квіти. Волошки” з вишивкою;100% льон;45х65 см;129;82-04-291-000-76.jpg;;;;
82-04/384/000/76;Рушник “Квіти. Соняхи”;Домашній текстиль/Для кухні/Рушники;Рушник “Квіти. Соняхи” з вишивкою;100% льон;45х65 см;129;82-04-384-76.jpg;;;;
82-17/392/000/76;Рушник “Котик”;Домашній текстиль/Для кухні/Рушники;Рушник “Котик” з вишивкою;100% льон;36х60 см;99;82-17-392-000-76.jpg;;;;
10-00/007/000/76;Фартух “Песик” ;Домашній текстиль/Для кухні/Фартухи;Фартух “Песик” ;100% льон;36х60 см;249;10-00-007-000-76.jpg;;;;
42-42/425/511/76;Комплект подарунковий “Лувр” бордо;Домашній текстиль/Для кухні/Комплекти;Комплект подарунковий “Лувр” бордо, вишивка у чотирьох кутах і на серветках;100% льон;140х220 см, 6 серв. 35Х35 см;1190;42-42-425-511-76.jpg;;;;
42-52/425/511/76;Комплект подарунковий “Лувр” бордо;Домашній текстиль/Для кухні/Комплекти;Комплект подарунковий “Лувр” бордо, вишивка у чотирьох кутах і на серветках;100% льон;140х280 см, 8 серв. 35Х35 см;1390;42-42-425-511-76.jpg;;;;
42-18/425/511/76;Комплект подарунковий “Лувр” бордо;Домашній текстиль/Для кухні/Комплекти;Комплект подарунковий “Лувр” бордо, вишивка на двух сторонах і на серветках;100% льон;60х110 см, 4 серв. 35Х35 см;490;42-18-425-511-76.jpg;;;;
42-18/425/372/76;Комплект подарунковий “Лувр” зелений;Домашній текстиль/Для кухні/Комплекти;Комплект подарунковий “Лувр” зелений, вишивка на двух сторонах і на серветках;100% льон;60х110 см, 4 серв. 35Х35 см;490;42-18-425-372-76.jpg;;;;
82-04/419/000/76;Рушник “Кактуси”;Домашній текстиль/Для кухні/Рушники;Рушник колекція “Домашні рослини” Кактуси;100% льон;45х65 см;129;82-04-419-000-76.jpg;;;;
82-04/421/000/76;Рушник “Фікуси”;Домашній текстиль/Для кухні/Рушники;Рушник колекція “Домашні рослини” Фікуси;100% льон;45х65 см;129;82-04-421-000-76.jpg;;;;
23-29/023/133/76;Скатертина жакардова “Уляна” сіра;Домашній текстиль/Для кухні/Скатертини;Скатертина жакардова “Уляна” сіра;100% льон;110х145 см;450;23-29-023-133-76.jpg;;;;
23-24/023/133/76;Скатертина жакардова “Уляна” сіра;Домашній текстиль/Для кухні/Скатертини;Скатертина жакардова “Уляна” сіра;100% льон;145х215 см;850;23-29-023-133-76.jpg;;;;
23-31/023/133/76;Скатертина жакардова “Уляна” сіра;Домашній текстиль/Для кухні/Скатертини;Скатертина жакардова “Уляна” сіра;100% льон;145х285 см;1090;23-29-023-133-76.jpg;;;;
83-04/023/133/76;Рушник жакардовий "Уляна" сірий;Домашній текстиль/Для кухні/Рушники;Рушник жакардовий "Уляна" сірий;100% льон;45х70 см;99;83-04-023-133-76.jpg;;;;
82-04/390/016/76;Рушник з вишивкою "Франческа" світло-трояндовий;Домашній текстиль/Для кухні/Рушники;Рушник з вишивкою "Франческа" світло-трояндовий;100% льон;45*70 см;129;82-04-390-016-76.jpg;;;;
82-04/390/584/76;Рушник з вишивкою "Франческа" бежевий;Домашній текстиль/Для кухні/Рушники;Рушник з вишивкою "Франческа" бежевий;100% льон;45*70 см;129;82-04-390-584-76.jpg;;;;
10-00/390/061/76;Фартух з вишивкою "Франческа" сірий;Домашній текстиль/Для кухні/Фартухи;Фартух з вишивкою "Франческа" сірий;100% льон;;299;10-00-390-0617.jpg;;;;
10-00/390/884/76;Фартух з вишивкою "Франческа" оливковий;Домашній текстиль/Для кухні/Фартухи;Фартух з вишивкою "Франческа" оливковий;100% льон;;299;10-00-390-884-76.jpg;;;;
82-04/251/016/76;Рушник з вишивкою "Дерева" світло-трояндовий;Домашній текстиль/Для кухні/Рушники;Рушник з вишивкою "Дерева" світло-трояндовий;100% льон;45*70 см;149;82-04-251-016-76.jpg;;;;
82-04/251/1305/76;Рушник з вишивкою "Дерева" сірий;Домашній текстиль/Для кухні/Рушники;Рушник з вишивкою "Дерева" сірий;100% льон;45*70 см;149;82-04-251-1305-76.jpg;;;;
82-04/251/1354/76;Рушник з вишивкою "Дерева" оранж;Домашній текстиль/Для кухні/Рушники;Рушник з вишивкою "Дерева" оранж;100% льон;45*70 см;149;82-04-251-1354-76.jpg;;;;
82-04/251/884/76;Рушник з вишивкою "Дерева" оливковий;Домашній текстиль/Для кухні/Рушники;Рушник з вишивкою "Дерева" оливковий;100% льон;45*70 см;149;82-04-251-884-76.jpg;;;;
10-04/251/1097/76;Фартух з вишивкою "Дерева" бірюзовий;Домашній текстиль/Для кухні/Фартухи;Фартух з вишивкою "Дерева" бірюзовий;100% льон;;340;10-00-251-1097-76.jpg,10-00-251-1097-1-76.jpg;;;;
10-04/251/930/76;Фартух з вишивкою "Дерева" коричневий;Домашній текстиль/Для кухні/Фартухи;Фартух з вишивкою "Дерева" коричневий;100% льон;;340;10-00-251-930-76.jpg,10-00-251-930-1-76.jpg;;;;
82-04/425/000/76;Рушник колекція “Насолода” Лимон;Домашній текстиль/Для кухні/Рушники;Рушник колекція “Насолода” Лимон;100% льон;45*65 см;129;82-04-425-000-76.jpg;;;;
82-04/426/000/76;Рушник колекція “Насолода” Гранат;Домашній текстиль/Для кухні/Рушники;Рушник колекція “Насолода” Гранат;100% льон;45*65 см;129;82-04-426-000-76.jpg;;;;
82-04/427/000/76;Рушник колекція “Насолода” Виноград;Домашній текстиль/Для кухні/Рушники;Рушник колекція “Насолода” Виноград;100% льон;45*65 см;129;82-04-427-000-76.jpg;;;;
82-24/422/237/76;Рушник “Квітковий” з червоною вишивкою;Домашній текстиль/Для кухні/Рушники;Рушник “Квітковий” з червоною вишивкою;100% льон;35*210 см;459;82-24-422-237-76.jpg;;;;
82-24/422/359/76;Рушник “Квітковий” з синьою вишивкою;Домашній текстиль/Для кухні/Рушники;Рушник “Квітковий” з синьою вишивкою;100% льон;35*210 см;459;82-24-422-359-76.jpg;;;;
82-17/423/000/76;Рушник з вишивкою "Кури" ;Домашній текстиль/Для кухні/Рушники;Рушник з вишивкою "Кури" ;100% льон;36*60 см;99;82-17-423-000-76.jpg;;;;
82-17/424/000/76;Рушник з вишивкою "Гуси" ;Домашній текстиль/Для кухні/Рушники;Рушник з вишивкою "Гуси" ;100% льон;36*60 см;99;82-17-424-000-76.jpg;;;;
12-10//250/101/76;Доріжка з вишивкою “Різдвяна зірка” біла;Домашній текстиль/Для кухні/Рушники;Доріжка з вишивкою “Різдвяна зірка” біла;100% льон;48*140 см;390;12-10-250-101-76.jpg;;;;
12-10//250/382/76;Доріжка з вишивкою “Різдвяна зірка” синя;Домашній текстиль/Для кухні/Рушники;Доріжка з вишивкою “Різдвяна зірка” синя;100% льон;48*140 см;390;12-10-250-382-76.jpg;;;;
12-10//250/534/76;Доріжка з вишивкою “Різдвяна зірка” зелена;Домашній текстиль/Для кухні/Рушники;Доріжка з вишивкою “Різдвяна зірка” зелена;100% льон;48*140 см;390;12-10-250-534-76.jpg;;;;
22-32/252/442/76;Столешня з червоною вишивкою “Іграшка”;Домашній текстиль/Для кухні/Скатертини;Столешня з червоною вишивкою “Іграшка”;100% льон;100*100 см;279;22-32-252-44276.jpg;;;;
22-32/252/880/76;Столешня з синьою вишивкою “Іграшка”;Домашній текстиль/Для кухні/Скатертини;Столешня з синьою вишивкою “Іграшка”;100% льон;100*100 см;279;22-32-252-880-76.jpg;;;;
22-32/253/000/76;Столешня з вишивкою “Снігурі”;Домашній текстиль/Для кухні/Скатертини;Столешня з вишивкою “Снігурі”;100% льон;100*100 см;279;22-32-253-000-76.jpg;;;;
42-31/255/000/18;Комплект столовий "Ружа" білий;Домашній текстиль/Для кухні/Комплекти ;Комплект столовий з вишивкою "Ружа" білий;100% льон;Скатертина 140*140 см- 1шт., серветки 35*35 см- 4 шт.;990;42-31-255-000-18.jpg;;;;
42-31/255/010/03;Комплект столовий "Ружа" сірий;Домашній текстиль/Для кухні/Комплекти ;Комплект столовий з вишивкою "Ружа" сірий;100% льон;Скатертина 140*140 см- 1шт., серветки 35*35 см- 4 шт.;990;42-31-255-010-03.jpg;;;;
42-42/255/000/18;Комплект столовий "Ружа" білий;Домашній текстиль/Для кухні/Комплекти ;Комплект столовий з вишивкою "Ружа" білий;100% льон;Скатертина 140*220 см- 1шт., серветки 35*35 см- 6 шт.;1290;42-31-255-000-18.jpg;;;;
42-42/255/010/03;Комплект столовий "Ружа" сірий;Домашній текстиль/Для кухні/Комплекти ;Комплект столовий з вишивкою "Ружа" сірий;100% льон;Скатертина 140*220 см- 1шт., серветки 35*35 см- 6 шт.;1290;42-31-255-010-03.jpg;;;;
42-45/255/000/18;Комплект столовий "Ружа" білий;Домашній текстиль/Для кухні/Комплекти ;Комплект столовий з вишивкою "Ружа" білий;100% льон;Скатертина 140*280 см- 1шт., серветки 35*35 см- 8 шт.;1490;42-31-255-000-18.jpg;;;;
42-45/255/010/03;Комплект столовий "Ружа" сірий;Домашній текстиль/Для кухні/Комплекти ;Комплект столовий з вишивкою "Ружа" сірий;100% льон;Скатертина 140*280 см- 1шт., серветки 35*35 см- 8 шт.;1490;42-31-255-010-03.jpg;;;;
22-24/016/000/76;Скатертина “Ромашкове поле” біла;Домашній текстиль/Для кухні/Скатертини;Скатертина з вишивкою “Ромашкове поле” біла;100% льон;140*220 см  ;990;22-24-016-000-76.JPG;;;;
22-24/016/010/03;Скатертина “Ромашкове поле” сіра;Домашній текстиль/Для кухні/Скатертини;Скатертина з вишивкою  “Ромашкове поле” сіра;100% льон;140*220 см  ;990;22-24-016-010-03.JPG;;;;
22-24/016/359/76;Скатертина “Ромашкове поле” синя;Домашній текстиль/Для кухні/Скатертини;Скатертина з вишивкою “Ромашкове поле” синя;100% льон;140*220 см  ;990;22-24-016-359-76.JPG;;;;
22-24/120/000/18;Скатертина “Макове поле” біла;Домашній текстиль/Для кухні/Скатертини;Скатертина з вишивкою  “Макове поле” біла;100% льон;140*220 см  ;990;22-24-120-000-18.JPG;;;;
22-24/120/010/03;Скатертина “Макове поле” сіра;Домашній текстиль/Для кухні/Скатертини;Скатертина з вишивкою “Макове поле” сіра;100% льон;140*220 см  ;990;22-24-120-010-03.JPG;;;;
12-10/016/000/18;Доріжка з вишивкою “Ромашкове поле” біла;Домашній текстиль/Для кухні/Рушники;Доріжка з вишивкою “Ромашкове поле” біла;100% льон;40*135 см;299;12-10-016.JPG;;;;
12-10/016/010/03;Доріжка з вишивкою “Ромашкове поле” сіра;Домашній текстиль/Для кухні/Рушники;Доріжка з вишивкою “Ромашкове поле” сіра;100% льон;40*135 см;299;12-10-016-010-03.JPG;;;;
12-10/120/000/18;Доріжка з вишивкою “Макове поле” біла;Домашній текстиль/Для кухні/Рушники;Доріжка з вишивкою “Макове поле” біла;100% льон;40*135 см;299;12-10-120-000-18.JPG;;;;
12-10/120/010/03;Доріжка з вишивкою “Макове поле” сіра;Домашній текстиль/Для кухні/Рушники;Доріжка з вишивкою “Макове поле” сіра;100% льон;40*135 см;299;12-10-120-03-10.JPG;;;;
94-91/400/033/78;Комплект постільної білизни "Діжон"  (варений);Домашній текстиль/Для спальні/Комплекти постільної білизни;Комплект постільної білизни "Діжон" синій меланж ,(варений);100% льон;Простирадло-220*240 см, підковдра-200*220см ,2 наволочки -50*70см;4400;94-91-400-033-78.jpg;;;;
42-52/299/372/76;Комплект подарунковий “Сонях” зелений;Домашній текстиль/Для кухні/Комплекти ;Комплект подарунковий “Сонях” зелений;100% льон;140*280, 120*120, 8-35*35;1490;42-42-299-372.jpg;;;;
